
INSERT INTO btoc.BRAND (BRAND_ID, BRAND_NAME) VALUES
(1, 'PETER ENGLAND'),
(2, 'TOMY HILFIGER'),
(3, 'ALLEN SOLLY'),
(4, 'US POLO ASSOCIATION');

INSERT INTO btoc.PRODUCT_CATEGORY (PRODUCT_CATEGORY_ID, PRODUCT_CATEGORY_NAME) VALUES
(1, 'SHIRT'),
(2, 'T-SHIRT'),
(3, 'TROUSERS');

INSERT INTO btoc.SUPPLIER (SUPPLIER_ID, SUPPLIER_NAME) VALUES
(1, 'CLOUDTAIL INDIA'),
(2, 'E-SHOPPERS'),
(3, 'E-RETAILERS');

INSERT INTO btoc.PRODUCT (PRODUCT_ID, PRODUCT_NAME, BRAND_ID, PRODUCT_CATEGORY_ID, PRODUCT_COLOR, PRODUCT_SIZE) VALUES
(1, 'SLEEVELESS SHIRTS', 3, 1, 'TEAL', 'MEDIUM'),
(2, 'FORMAL SHIRTS', 2, 1, 'PURPLE', 'LARGE'),
(3, 'FORMAL SHIRTS', 4, 1, 'BLACK', 'MEDIUM'),
(4, 'FORMAL SHIRTS', 1, 1, 'MAROON', 'SMALL'),
(5, 'POLO T-SHIRT', 3, 2, 'NAVY BLUE', 'LARGE'),
(6, 'POLO T-SHIRT', 4, 2, 'NAVY BLUE', 'MEDIUM'),
(7, 'V-NECK T-SHIRT', 3, 2, 'BAGGY GREEN', 'MEDIUM'),
(8, 'FORMAL TROUSERS', 1, 3, 'CHOCOLATE BROWN', 'LARGE'),
(9, 'FORMAL TROUSERS', 2, 3, 'BLACK', 'MEDIUM'),
(10, 'FORMAL TROUSERS', 4, 3, 'CHOCOLATE BROWN', 'SMALL');

INSERT INTO btoc.SUPPLIER_CRN_PRODUCT(PRODUCT_ID, SUPPLIER_ID, QUANTITY, SELLING_PRICE) VALUES
(1, 1, 30, 293.45),
(1, 2, 40, 332),
(1, 3, 20, 287),
(2, 1, 30, 415),
(2, 2, 30, 294),
(2, 3, 30, 326),
(3, 1, 10, 223),
(3, 2, 30, 324.50),
(3, 3, 30, 411.25),
(9, 1, 22, 221.75),
(9, 2, 30, 190),
(9, 3, 30, 478),
(4, 1, 39, 398),
(4, 2, 30, 341.50),
(4, 3, 34, 229.50),
(5, 1, 30, 441.50),
(5, 2, 30, 280),
(5, 3, 36, 218),
(6, 1, 30, 332),
(6, 2, 30, 310),
(6, 3, 39, 299.75),
(7, 1, 30, 124),
(7, 2, 30, 156),
(7, 3, 30, 431),
(8, 1, 30, 429),
(8, 2, 30, 438),
(8, 3, 30, 398.50);
